,date,no,state_name,total_confirmed,discharged_migrated,deceased
0,2020-03-10,1,NCT of Delhi,4.0,,
1,2020-03-10,2,Haryana,14.0,,
2,2020-03-10,3,Kerala,9.0,,
3,2020-03-10,4,Rajasthan,2.0,,
4,2020-03-10,5,Telangana,1.0,,
5,2020-03-10,6,Uttar Pradesh,9.0,,
6,2020-03-10,7,Union Territory of Ladakh,2.0,,
7,2020-03-10,8,Tamil Nadu,1.0,,
8,2020-03-10,9,Jammu and Kashmir,1.0,,
9,2020-03-10,10,Punjab,1.0,,
10,2020-03-10,11,Karnataka,1.0,,
11,2020-03-10,12,Maharashtra,2.0,,
12,2020-03-10,1,NCT of Delhi,5.0,,
13,2020-03-10,2,Haryana,14.0,,
14,2020-03-10,3,Kerala,17.0,,
15,2020-03-10,4,Rajasthan,3.0,,
16,2020-03-10,5,Telangana,1.0,,
17,2020-03-10,6,Uttar Pradesh,9.0,,
18,2020-03-10,7,Union Territory of Ladakh,2.0,,
19,2020-03-10,8,Tamil Nadu,1.0,,
20,2020-03-10,9,Jammu and Kashmir,1.0,,
21,2020-03-10,10,Punjab,1.0,,
22,2020-03-10,11,Karnataka,4.0,,
23,2020-03-10,12,Maharashtra,2.0,,
24,2020-03-11,1,NCT of Delhi,6.0,0.0,
25,2020-03-11,2,Haryana,14.0,0.0,
26,2020-03-11,3,Kerala,17.0,3.0,
27,2020-03-11,4,Rajasthan,3.0,0.0,
28,2020-03-11,5,Telangana,1.0,0.0,
29,2020-03-11,6,Uttar Pradesh,11.0,0.0,
30,2020-03-11,7,Union Territory of Ladakh,3.0,0.0,
31,2020-03-11,8,Tamil Nadu,1.0,0.0,
32,2020-03-11,9,Jammu and Kashmir,1.0,0.0,
33,2020-03-11,10,Punjab,1.0,0.0,
34,2020-03-11,11,Karnataka,4.0,0.0,
35,2020-03-11,12,Maharashtra,11.0,0.0,
36,2020-03-11,13,Andhra Pradesh,1.0,0.0,
37,2020-03-12,1,NCT of Delhi,6.0,0.0,
38,2020-03-12,2,Haryana,14.0,0.0,
39,2020-03-12,3,Kerala,17.0,3.0,
40,2020-03-12,4,Rajasthan,3.0,0.0,
41,2020-03-12,5,Telangana,1.0,0.0,
42,2020-03-12,6,Uttar Pradesh,11.0,0.0,
43,2020-03-12,7,Union Territory of Ladakh,3.0,0.0,
44,2020-03-12,8,Tamil Nadu,1.0,0.0,
45,2020-03-12,9,Jammu and Kashmir,1.0,0.0,
46,2020-03-12,10,Punjab,1.0,0.0,
47,2020-03-12,11,Karnataka,4.0,0.0,
48,2020-03-12,12,Maharashtra,11.0,0.0,
49,2020-03-12,13,Andhra Pradesh,1.0,0.0,
50,2020-03-15,1,Andhra Pradesh,1.0,0.0,0.0
51,2020-03-15,2,NCT of Delhi,7.0,2.0,1.0
52,2020-03-15,3,Haryana,14.0,0.0,0.0
53,2020-03-15,4,Karnataka,6.0,0.0,1.0
54,2020-03-15,5,Kerala,22.0,3.0,0.0
55,2020-03-15,6,Maharashtra,32.0,0.0,0.0
56,2020-03-15,7,Punjab,1.0,0.0,0.0
57,2020-03-15,8,Rajasthan,4.0,3.0,0.0
58,2020-03-15,9,Tamil Nadu,1.0,0.0,0.0
59,2020-03-15,10,Telangana,3.0,1.0,0.0
60,2020-03-15,11,Jammu and Kashmir,2.0,0.0,0.0
61,2020-03-15,12,Union Territory of Ladakh,3.0,0.0,0.0
62,2020-03-15,13,Uttar Pradesh,13.0,4.0,0.0
63,2020-03-15,14,Uttarakhand,1.0,0.0,0.0
64,2020-03-16,1,Andhra Pradesh,1.0,0.0,0.0
65,2020-03-16,2,NCT of Delhi,7.0,2.0,1.0
66,2020-03-16,3,Haryana,14.0,0.0,0.0
67,2020-03-16,4,Karnataka,6.0,0.0,1.0
68,2020-03-16,5,Kerala,23.0,3.0,0.0
69,2020-03-16,6,Maharashtra,32.0,0.0,0.0
70,2020-03-16,7,Odisha,1.0,0.0,0.0
71,2020-03-16,8,Punjab,1.0,0.0,0.0
72,2020-03-16,9,Rajasthan,4.0,3.0,0.0
73,2020-03-16,10,Tamil Nadu,1.0,0.0,0.0
74,2020-03-16,11,Telangana,3.0,1.0,0.0
75,2020-03-16,12,Jammu and Kashmir,3.0,0.0,0.0
76,2020-03-16,13,Union Territory of Ladakh,4.0,0.0,0.0
77,2020-03-16,14,Uttar Pradesh,13.0,4.0,0.0
78,2020-03-16,15,Uttarakhand,1.0,0.0,0.0
79,2020-03-17,1,Andhra Pradesh,1.0,0.0,0.0
80,2020-03-17,2,NCT of Delhi,8.0,2.0,1.0
81,2020-03-17,3,Haryana,15.0,0.0,0.0
82,2020-03-17,4,Karnataka,11.0,0.0,1.0
83,2020-03-17,5,Kerala,26.0,3.0,0.0
84,2020-03-17,6,Maharashtra,39.0,0.0,1.0
85,2020-03-17,7,Odisha,1.0,0.0,0.0
86,2020-03-17,8,Punjab,1.0,0.0,0.0
87,2020-03-17,9,Rajasthan,4.0,3.0,0.0
88,2020-03-17,10,Tamil Nadu,1.0,0.0,0.0
89,2020-03-17,11,Telangana,5.0,1.0,0.0
90,2020-03-17,12,Jammu and Kashmir,3.0,0.0,0.0
91,2020-03-17,13,Union Territory of Ladakh,6.0,0.0,0.0
92,2020-03-17,14,Uttar Pradesh,15.0,5.0,0.0
93,2020-03-17,15,Uttarakhand,1.0,0.0,0.0
94,2020-03-18,1,Andhra Pradesh,1.0,0.0,0.0
95,2020-03-18,2,NCT of Delhi,10.0,2.0,1.0
96,2020-03-18,3,Haryana,17.0,0.0,0.0
97,2020-03-18,4,Karnataka,11.0,0.0,1.0
98,2020-03-18,5,Kerala,27.0,3.0,0.0
99,2020-03-18,6,Maharashtra,42.0,0.0,1.0
100,2020-03-18,7,Odisha,1.0,0.0,0.0
101,2020-03-18,8,Puducherry,1.0,0.0,0.0
102,2020-03-18,9,Punjab,1.0,0.0,0.0
103,2020-03-18,10,Rajasthan,4.0,3.0,0.0
104,2020-03-18,11,Tamil Nadu,1.0,0.0,0.0
105,2020-03-18,12,Telangana,6.0,1.0,0.0
106,2020-03-18,13,Jammu and Kashmir,3.0,0.0,0.0
107,2020-03-18,14,Union Territory of Ladakh,8.0,0.0,0.0
108,2020-03-18,15,Uttar Pradesh,16.0,5.0,0.0
109,2020-03-18,16,Uttarakhand,1.0,0.0,0.0
110,2020-03-18,17,West Bengal,1.0,0.0,0.0
111,2020-03-19,1,Andhra Pradesh,2.0,0.0,0.0
112,2020-03-19,2,Chhattisgarh,1.0,0.0,0.0
113,2020-03-19,3,NCT of Delhi,12.0,3.0,1.0
114,2020-03-19,4,Haryana,17.0,0.0,0.0
115,2020-03-19,5,Karnataka,14.0,0.0,1.0
116,2020-03-19,6,Kerala,27.0,3.0,0.0
117,2020-03-19,7,Maharashtra,47.0,0.0,1.0
118,2020-03-19,8,Odisha,1.0,0.0,0.0
119,2020-03-19,9,Puducherry,1.0,0.0,0.0
120,2020-03-19,10,Punjab,2.0,0.0,1.0
121,2020-03-19,11,Rajasthan,7.0,3.0,0.0
122,2020-03-19,12,Tamil Nadu,2.0,1.0,0.0
123,2020-03-19,13,Telangana,6.0,1.0,0.0
124,2020-03-19,14,Chandigarh,1.0,0.0,0.0
125,2020-03-19,15,Jammu and Kashmir,4.0,0.0,0.0
126,2020-03-19,16,Union Territory of Ladakh,8.0,0.0,0.0
127,2020-03-19,17,Uttar Pradesh,19.0,9.0,0.0
128,2020-03-19,18,Uttarakhand,1.0,0.0,0.0
129,2020-03-19,19,West Bengal,1.0,0.0,0.0
130,2020-03-20,1,Andhra Pradesh,3.0,0.0,0.0
131,2020-03-20,2,Chhattisgarh,1.0,0.0,0.0
132,2020-03-20,3,NCT of Delhi,17.0,5.0,1.0
133,2020-03-20,4,Gujarat,5.0,0.0,0.0
134,2020-03-20,5,Haryana,17.0,0.0,0.0
135,2020-03-20,6,Karnataka,15.0,1.0,1.0
136,2020-03-20,7,Kerala,28.0,3.0,0.0
137,2020-03-20,8,Maharashtra,52.0,0.0,1.0
138,2020-03-20,9,Odisha,2.0,0.0,0.0
139,2020-03-20,10,Puducherry,1.0,0.0,0.0
140,2020-03-20,11,Punjab,2.0,0.0,1.0
141,2020-03-20,12,Rajasthan,17.0,3.0,0.0
142,2020-03-20,13,Tamil Nadu,3.0,1.0,0.0
143,2020-03-20,14,Telangana,17.0,1.0,0.0
144,2020-03-20,15,Chandigarh,1.0,0.0,0.0
145,2020-03-20,16,Jammu and Kashmir,4.0,0.0,0.0
146,2020-03-20,17,Union Territory of Ladakh,10.0,0.0,0.0
147,2020-03-20,18,Uttar Pradesh,23.0,9.0,0.0
148,2020-03-20,19,Uttarakhand,3.0,0.0,0.0
149,2020-03-20,20,West Bengal,2.0,0.0,0.0
150,2020-03-21,1,Andhra Pradesh,3.0,0.0,0.0
151,2020-03-21,2,Chhattisgarh,1.0,0.0,0.0
152,2020-03-21,3,NCT of Delhi,26.0,5.0,1.0
153,2020-03-21,4,Gujarat,7.0,0.0,0.0
154,2020-03-21,5,Haryana,17.0,0.0,0.0
155,2020-03-21,6,Himachal Pradesh,2.0,0.0,0.0
156,2020-03-21,7,Karnataka,15.0,1.0,1.0
157,2020-03-21,8,Kerala,40.0,3.0,0.0
158,2020-03-21,9,Madhya Pradesh,4.0,0.0,0.0
159,2020-03-21,10,Maharashtra,63.0,0.0,1.0
160,2020-03-21,11,Odisha,2.0,0.0,0.0
161,2020-03-21,12,Puducherry,1.0,0.0,0.0
162,2020-03-21,13,Punjab,13.0,0.0,1.0
163,2020-03-21,14,Rajasthan,17.0,3.0,0.0
164,2020-03-21,15,Tamil Nadu,3.0,1.0,0.0
165,2020-03-21,16,Telangana,21.0,1.0,0.0
166,2020-03-21,17,Chandigarh,1.0,0.0,0.0
167,2020-03-21,18,Jammu and Kashmir,4.0,0.0,0.0
168,2020-03-21,19,Ladakh,13.0,0.0,0.0
169,2020-03-21,20,Uttar Pradesh,24.0,9.0,0.0
170,2020-03-21,21,Uttarakhand,3.0,0.0,0.0
171,2020-03-21,22,West Bengal,3.0,0.0,0.0
172,2020-03-22,1,Andhra Pradesh,5.0,0.0,0.0
173,2020-03-22,2,Bihar,2.0,0.0,1.0
174,2020-03-22,3,Chhattisgarh,1.0,0.0,0.0
175,2020-03-22,4,NCT of Delhi,29.0,5.0,1.0
176,2020-03-22,5,Gujarat,18.0,0.0,1.0
177,2020-03-22,6,Haryana,21.0,0.0,0.0
178,2020-03-22,7,Himachal Pradesh,2.0,0.0,0.0
179,2020-03-22,8,Karnataka,26.0,2.0,1.0
180,2020-03-22,9,Kerala,52.0,3.0,0.0
181,2020-03-22,10,Madhya Pradesh,4.0,0.0,0.0
182,2020-03-22,11,Maharashtra,67.0,0.0,2.0
183,2020-03-22,12,Odisha,2.0,0.0,0.0
184,2020-03-22,13,Puducherry,1.0,0.0,0.0
185,2020-03-22,14,Punjab,21.0,0.0,1.0
186,2020-03-22,15,Rajasthan,24.0,3.0,0.0
187,2020-03-22,16,Tamil Nadu,7.0,1.0,0.0
188,2020-03-22,17,Telangana,22.0,1.0,0.0
189,2020-03-22,18,Chandigarh,5.0,0.0,0.0
190,2020-03-22,19,Jammu and Kashmir,4.0,0.0,0.0
191,2020-03-22,20,Ladakh,13.0,0.0,0.0
192,2020-03-22,21,Uttar Pradesh,27.0,9.0,0.0
193,2020-03-22,22,Uttarakhand,3.0,0.0,0.0
194,2020-03-22,23,West Bengal,4.0,0.0,0.0
195,2020-03-23,1,Andhra Pradesh,7.0,0.0,0.0
196,2020-03-23,2,Bihar,2.0,0.0,1.0
197,2020-03-23,3,Chhattisgarh,1.0,0.0,0.0
198,2020-03-23,4,NCT of Delhi,29.0,5.0,1.0
199,2020-03-23,5,Gujarat,29.0,0.0,1.0
200,2020-03-23,6,Haryana,26.0,11.0,0.0
201,2020-03-23,7,Himachal Pradesh,3.0,0.0,1.0
202,2020-03-23,8,Karnataka,33.0,2.0,1.0
203,2020-03-23,9,Kerala,67.0,3.0,0.0
204,2020-03-23,10,Madhya Pradesh,6.0,0.0,0.0
205,2020-03-23,11,Maharashtra,74.0,0.0,2.0
206,2020-03-23,12,Odisha,2.0,0.0,0.0
207,2020-03-23,13,Puducherry,1.0,0.0,0.0
208,2020-03-23,14,Punjab,21.0,0.0,1.0
209,2020-03-23,15,Rajasthan,28.0,3.0,0.0
210,2020-03-23,16,Tamil Nadu,9.0,1.0,0.0
211,2020-03-23,17,Telangana,32.0,1.0,0.0
212,2020-03-23,18,Chandigarh,6.0,0.0,0.0
213,2020-03-23,19,Jammu and Kashmir,4.0,0.0,0.0
214,2020-03-23,20,Ladakh,13.0,0.0,0.0
215,2020-03-23,21,Uttar Pradesh,31.0,9.0,0.0
216,2020-03-23,22,Uttarakhand,3.0,0.0,0.0
217,2020-03-23,23,West Bengal,7.0,0.0,1.0
218,2020-03-24,1,Andhra Pradesh,8.0,0.0,0.0
219,2020-03-24,2,Bihar,3.0,0.0,1.0
220,2020-03-24,3,Chhattisgarh,1.0,0.0,0.0
221,2020-03-24,4,NCT of Delhi,30.0,6.0,2.0
222,2020-03-24,5,Gujarat,33.0,0.0,1.0
223,2020-03-24,6,Haryana,28.0,11.0,0.0
224,2020-03-24,7,Himachal Pradesh,3.0,0.0,1.0
225,2020-03-24,8,Karnataka,37.0,3.0,1.0
226,2020-03-24,9,Kerala,95.0,4.0,0.0
227,2020-03-24,10,Madhya Pradesh,7.0,0.0,0.0
228,2020-03-24,11,Maharashtra,89.0,0.0,2.0
229,2020-03-24,12,Manipur,1.0,0.0,0.0
230,2020-03-24,13,Odisha,2.0,0.0,0.0
231,2020-03-24,14,Puducherry,1.0,0.0,0.0
232,2020-03-24,15,Punjab,29.0,0.0,1.0
233,2020-03-24,16,Rajasthan,32.0,3.0,0.0
234,2020-03-24,17,Tamil Nadu,15.0,1.0,0.0
235,2020-03-24,18,Telangana,35.0,1.0,0.0
236,2020-03-24,19,Chandigarh,7.0,0.0,0.0
237,2020-03-24,20,Jammu and Kashmir,4.0,0.0,0.0
238,2020-03-24,21,Ladakh,13.0,0.0,0.0
239,2020-03-24,22,Uttar Pradesh,33.0,11.0,0.0
240,2020-03-24,23,Uttarakhand,4.0,0.0,0.0
241,2020-03-24,24,West Bengal,9.0,0.0,1.0
242,2020-03-25,1,Andhra Pradesh,9.0,1.0,0.0
243,2020-03-25,2,Bihar,4.0,0.0,1.0
244,2020-03-25,3,Chhattisgarh,1.0,0.0,0.0
245,2020-03-25,4,NCT of Delhi,31.0,6.0,1.0
246,2020-03-25,5,Gujarat,38.0,0.0,1.0
247,2020-03-25,6,Haryana,28.0,11.0,0.0
248,2020-03-25,7,Himachal Pradesh,3.0,0.0,1.0
249,2020-03-25,8,Karnataka,41.0,3.0,1.0
250,2020-03-25,9,Kerala,109.0,4.0,0.0
251,2020-03-25,10,Madhya Pradesh,14.0,0.0,0.0
252,2020-03-25,11,Maharashtra,128.0,1.0,3.0
253,2020-03-25,12,Manipur,1.0,0.0,0.0
254,2020-03-25,13,Mizoram,1.0,0.0,0.0
255,2020-03-25,14,Odisha,2.0,0.0,0.0
256,2020-03-25,15,Puducherry,1.0,0.0,0.0
257,2020-03-25,16,Punjab,29.0,0.0,1.0
258,2020-03-25,17,Rajasthan,36.0,3.0,0.0
259,2020-03-25,18,Tamil Nadu,18.0,1.0,0.0
260,2020-03-25,19,Telangana,35.0,1.0,0.0
261,2020-03-25,20,Chandigarh,7.0,0.0,0.0
262,2020-03-25,21,Jammu and Kashmir,7.0,1.0,0.0
263,2020-03-25,22,Ladakh,13.0,0.0,0.0
264,2020-03-25,23,Uttar Pradesh,37.0,11.0,0.0
265,2020-03-25,24,Uttarakhand,4.0,0.0,0.0
266,2020-03-25,25,West Bengal,9.0,0.0,1.0
267,2020-03-26,1,Andaman and Nicobar,1.0,0.0,0.0
268,2020-03-26,2,Andhra Pradesh,11.0,1.0,0.0
269,2020-03-26,3,Bihar,6.0,0.0,1.0
270,2020-03-26,4,Chandigarh,7.0,0.0,0.0
271,2020-03-26,5,Chhattisgarh,6.0,0.0,0.0
272,2020-03-26,6,NCT of Delhi,36.0,6.0,1.0
273,2020-03-26,7,Goa,3.0,0.0,0.0
274,2020-03-26,8,Gujarat,43.0,0.0,3.0
275,2020-03-26,9,Haryana,30.0,11.0,0.0
276,2020-03-26,10,Himachal Pradesh,3.0,0.0,1.0
277,2020-03-26,11,Jammu and Kashmir,13.0,1.0,0.0
278,2020-03-26,12,Karnataka,55.0,3.0,2.0
279,2020-03-26,13,Kerala,118.0,6.0,0.0
280,2020-03-26,14,Ladakh,13.0,0.0,0.0
281,2020-03-26,15,Madhya Pradesh,20.0,0.0,1.0
282,2020-03-26,16,Maharashtra,124.0,1.0,3.0
283,2020-03-26,17,Manipur,1.0,0.0,0.0
284,2020-03-26,18,Mizoram,1.0,0.0,0.0
285,2020-03-26,19,Odisha,2.0,0.0,0.0
286,2020-03-26,20,Puducherry,1.0,0.0,0.0
287,2020-03-26,21,Punjab,33.0,0.0,1.0
288,2020-03-26,22,Rajasthan,41.0,3.0,0.0
289,2020-03-26,23,Tamil Nadu,26.0,1.0,1.0
290,2020-03-26,24,Telangana,44.0,1.0,0.0
291,2020-03-26,25,Uttarakhand,5.0,0.0,0.0
292,2020-03-26,26,Uttar Pradesh,41.0,11.0,0.0
293,2020-03-26,27,West Bengal,10.0,0.0,1.0
294,2020-03-27,1,Andaman and Nicobar,1.0,0.0,0.0
295,2020-03-27,2,Andhra Pradesh,12.0,1.0,0.0
296,2020-03-27,3,Bihar,6.0,0.0,1.0
297,2020-03-27,4,Chandigarh,7.0,0.0,0.0
298,2020-03-27,5,Chhattisgarh,6.0,0.0,0.0
299,2020-03-27,6,NCT of Delhi,36.0,6.0,1.0
300,2020-03-27,7,Goa,3.0,0.0,0.0
301,2020-03-27,8,Gujarat,43.0,0.0,3.0
302,2020-03-27,9,Haryana,30.0,11.0,0.0
303,2020-03-27,10,Himachal Pradesh,3.0,0.0,1.0
304,2020-03-27,11,Jammu and Kashmir,13.0,1.0,1.0
305,2020-03-27,12,Karnataka,55.0,3.0,2.0
306,2020-03-27,13,Kerala,137.0,11.0,0.0
307,2020-03-27,14,Ladakh,13.0,3.0,0.0
308,2020-03-27,15,Madhya Pradesh,20.0,0.0,1.0
309,2020-03-27,16,Maharashtra,130.0,15.0,4.0
310,2020-03-27,17,Manipur,1.0,0.0,0.0
311,2020-03-27,18,Mizoram,1.0,0.0,0.0
312,2020-03-27,19,Odisha,2.0,0.0,0.0
313,2020-03-27,20,Puducherry,1.0,0.0,0.0
314,2020-03-27,21,Punjab,33.0,0.0,1.0
315,2020-03-27,22,Rajasthan,41.0,3.0,0.0
316,2020-03-27,23,Tamil Nadu,29.0,1.0,1.0
317,2020-03-27,24,Telangana,45.0,1.0,0.0
318,2020-03-27,25,Uttarakhand,5.0,0.0,0.0
319,2020-03-27,26,Uttar Pradesh,41.0,11.0,0.0
320,2020-03-27,27,West Bengal,10.0,0.0,1.0
321,2020-03-28,1,Andhra Pradesh,14.0,1.0,0.0
322,2020-03-28,2,Andaman and Nicobar,6.0,0.0,0.0
323,2020-03-28,3,Bihar,9.0,0.0,1.0
324,2020-03-28,4,Chandigarh,8.0,0.0,0.0
325,2020-03-28,5,Chhattisgarh,6.0,0.0,0.0
326,2020-03-28,6,NCT of Delhi,39.0,6.0,1.0
327,2020-03-28,7,Goa,3.0,0.0,0.0
328,2020-03-28,8,Gujarat,45.0,0.0,3.0
329,2020-03-28,9,Haryana,33.0,12.0,0.0
330,2020-03-28,10,Himachal Pradesh,3.0,0.0,1.0
331,2020-03-28,11,Jammu and Kashmir,20.0,1.0,1.0
332,2020-03-28,12,Karnataka,55.0,3.0,2.0
333,2020-03-28,13,Kerala,176.0,11.0,0.0
334,2020-03-28,14,Ladakh,13.0,3.0,0.0
335,2020-03-28,15,Madhya Pradesh,30.0,0.0,2.0
336,2020-03-28,16,Maharashtra,180.0,25.0,5.0
337,2020-03-28,17,Manipur,1.0,0.0,0.0
338,2020-03-28,18,Mizoram,1.0,0.0,0.0
339,2020-03-28,19,Odisha,3.0,0.0,0.0
340,2020-03-28,20,Puducherry,1.0,0.0,0.0
341,2020-03-28,21,Punjab,38.0,1.0,1.0
342,2020-03-28,22,Rajasthan,54.0,3.0,0.0
343,2020-03-28,23,Tamil Nadu,40.0,2.0,1.0
344,2020-03-28,24,Telangana,56.0,1.0,0.0
345,2020-03-28,25,Uttarakhand,5.0,0.0,0.0
346,2020-03-28,26,Uttar Pradesh,55.0,11.0,0.0
347,2020-03-28,27,West Bengal,15.0,0.0,1.0
348,2020-03-29,1,Andhra Pradesh,19.0,1.0,0.0
349,2020-03-29,2,Andaman and Nicobar,9.0,0.0,0.0
350,2020-03-29,3,Bihar,11.0,0.0,1.0
351,2020-03-29,4,Chandigarh,8.0,0.0,0.0
352,2020-03-29,5,Chhattisgarh,7.0,0.0,0.0
353,2020-03-29,6,NCT of Delhi,49.0,6.0,2.0
354,2020-03-29,7,Goa,5.0,0.0,0.0
355,2020-03-29,8,Gujarat,58.0,1.0,5.0
356,2020-03-29,9,Haryana,33.0,17.0,0.0
357,2020-03-29,10,Himachal Pradesh,3.0,0.0,1.0
358,2020-03-29,11,Jammu and Kashmir,31.0,1.0,2.0
359,2020-03-29,12,Karnataka,76.0,5.0,3.0
360,2020-03-29,13,Kerala,182.0,15.0,1.0
361,2020-03-29,14,Ladakh,13.0,3.0,0.0
362,2020-03-29,15,Madhya Pradesh,30.0,0.0,2.0
363,2020-03-29,16,Maharashtra,186.0,25.0,6.0
364,2020-03-29,17,Manipur,1.0,0.0,0.0
365,2020-03-29,18,Mizoram,1.0,0.0,0.0
366,2020-03-29,19,Odisha,3.0,0.0,0.0
367,2020-03-29,20,Puducherry,1.0,0.0,0.0
368,2020-03-29,21,Punjab,38.0,1.0,1.0
369,2020-03-29,22,Rajasthan,55.0,3.0,0.0
370,2020-03-29,23,Tamil Nadu,49.0,4.0,1.0
371,2020-03-29,24,Telangana,66.0,1.0,1.0
372,2020-03-29,25,Uttarakhand,7.0,2.0,0.0
373,2020-03-29,26,Uttar Pradesh,65.0,11.0,0.0
374,2020-03-29,27,West Bengal,18.0,0.0,1.0
375,2020-03-30,1,Andhra Pradesh,23.0,1.0,0.0
376,2020-03-30,2,Andaman and Nicobar,9.0,0.0,0.0
377,2020-03-30,3,Bihar,15.0,0.0,1.0
378,2020-03-30,4,Chandigarh,8.0,0.0,0.0
379,2020-03-30,5,Chhattisgarh,7.0,0.0,0.0
380,2020-03-30,6,NCT of Delhi,87.0,6.0,2.0
381,2020-03-30,7,Goa,5.0,0.0,0.0
382,2020-03-30,8,Gujarat,69.0,1.0,6.0
383,2020-03-30,9,Haryana,36.0,18.0,0.0
384,2020-03-30,10,Himachal Pradesh,3.0,0.0,1.0
385,2020-03-30,11,Jammu and Kashmir,48.0,2.0,2.0
386,2020-03-30,12,Karnataka,83.0,5.0,3.0
387,2020-03-30,13,Kerala,202.0,19.0,1.0
388,2020-03-30,14,Ladakh,13.0,3.0,0.0
389,2020-03-30,15,Madhya Pradesh,47.0,0.0,3.0
390,2020-03-30,16,Maharashtra,198.0,25.0,8.0
391,2020-03-30,17,Manipur,1.0,0.0,0.0
392,2020-03-30,18,Mizoram,1.0,0.0,0.0
393,2020-03-30,19,Odisha,3.0,0.0,0.0
394,2020-03-30,20,Puducherry,1.0,0.0,0.0
395,2020-03-30,21,Punjab,38.0,1.0,1.0
396,2020-03-30,22,Rajasthan,59.0,3.0,0.0
397,2020-03-30,23,Tamil Nadu,67.0,4.0,1.0
398,2020-03-30,24,Telangana,71.0,1.0,1.0
399,2020-03-30,25,Uttarakhand,7.0,2.0,0.0
400,2020-03-30,26,Uttar Pradesh,82.0,11.0,0.0
401,2020-03-30,27,West Bengal,22.0,0.0,1.0
402,2020-04-01,1,Andhra Pradesh,83.0,0.0,0.0
403,2020-04-01,2,Andaman and Nicobar,10.0,1.0,0.0
404,2020-04-01,3,Assam,1.0,0.0,0.0
405,2020-04-01,4,Bihar,23.0,0.0,1.0
406,2020-04-01,5,Chandigarh,16.0,0.0,0.0
407,2020-04-01,6,Chhattisgarh,9.0,2.0,0.0
408,2020-04-01,7,NCT of Delhi,152.0,6.0,2.0
409,2020-04-01,8,Goa,5.0,0.0,0.0
410,2020-04-01,9,Gujarat,82.0,5.0,6.0
411,2020-04-01,10,Haryana,43.0,21.0,0.0
412,2020-04-01,11,Himachal Pradesh,3.0,0.0,1.0
413,2020-04-01,12,Jammu and Kashmir,62.0,2.0,2.0
414,2020-04-01,13,Jharkhand,1.0,0.0,0.0
415,2020-04-01,14,Karnataka,101.0,8.0,3.0
416,2020-04-01,15,Kerala,241.0,23.0,2.0
417,2020-04-01,16,Ladakh,13.0,3.0,0.0
418,2020-04-01,17,Madhya Pradesh,66.0,0.0,3.0
419,2020-04-01,18,Maharashtra,302.0,39.0,9.0
420,2020-04-01,19,Manipur,1.0,0.0,0.0
421,2020-04-01,20,Mizoram,1.0,0.0,0.0
422,2020-04-01,21,Odisha,4.0,0.0,0.0
423,2020-04-01,22,Puducherry,3.0,1.0,0.0
424,2020-04-01,23,Punjab,42.0,1.0,3.0
425,2020-04-01,24,Rajasthan,93.0,3.0,0.0
426,2020-04-01,25,Tamil Nadu,234.0,6.0,1.0
427,2020-04-01,26,Telangana,96.0,1.0,3.0
428,2020-04-01,27,Uttarakhand,7.0,2.0,0.0
429,2020-04-01,28,Uttar Pradesh,103.0,14.0,2.0
430,2020-04-01,29,West Bengal,37.0,6.0,3.0
431,2020-04-02,1,Andhra Pradesh,86.0,1.0,1.0
432,2020-04-02,2,Andaman and Nicobar,10.0,0.0,0.0
433,2020-04-02,3,Assam,5.0,0.0,0.0
434,2020-04-02,4,Bihar,24.0,0.0,1.0
435,2020-04-02,5,Chandigarh,16.0,0.0,0.0
436,2020-04-02,6,Chhattisgarh,9.0,2.0,0.0
437,2020-04-02,7,NCT of Delhi,219.0,8.0,4.0
438,2020-04-02,8,Goa,5.0,0.0,0.0
439,2020-04-02,9,Gujarat,87.0,8.0,7.0
440,2020-04-02,10,Haryana,43.0,21.0,0.0
441,2020-04-02,11,Himachal Pradesh,3.0,1.0,1.0
442,2020-04-02,12,Jammu and Kashmir,62.0,2.0,2.0
443,2020-04-02,13,Jharkhand,1.0,0.0,0.0
444,2020-04-02,14,Karnataka,110.0,9.0,3.0
445,2020-04-02,15,Kerala,265.0,25.0,2.0
446,2020-04-02,16,Ladakh,13.0,3.0,0.0
447,2020-04-02,17,Madhya Pradesh,99.0,0.0,6.0
448,2020-04-02,18,Maharashtra,335.0,42.0,13.0
449,2020-04-02,19,Manipur,1.0,0.0,0.0
450,2020-04-02,20,Mizoram,1.0,0.0,0.0
451,2020-04-02,21,Odisha,4.0,0.0,0.0
452,2020-04-02,22,Puducherry,3.0,1.0,0.0
453,2020-04-02,23,Punjab,46.0,1.0,4.0
454,2020-04-02,24,Rajasthan,108.0,3.0,0.0
455,2020-04-02,25,Tamil Nadu,234.0,6.0,1.0
456,2020-04-02,26,Telangana,107.0,1.0,3.0
457,2020-04-02,27,Uttarakhand,7.0,2.0,0.0
458,2020-04-02,28,Uttar Pradesh,113.0,14.0,2.0
459,2020-04-02,29,West Bengal,53.0,6.0,3.0
460,2020-04-03,1,Andhra Pradesh,132.0,1.0,1.0
461,2020-04-03,2,Andaman and Nicobar,10.0,0.0,0.0
462,2020-04-03,3,Arunachal Pradesh,1.0,0.0,0.0
463,2020-04-03,4,Assam,16.0,0.0,0.0
464,2020-04-03,5,Bihar,29.0,0.0,1.0
465,2020-04-03,6,Chandigarh,18.0,0.0,0.0
466,2020-04-03,7,Chhattisgarh,9.0,3.0,0.0
467,2020-04-03,8,NCT of Delhi,219.0,8.0,4.0
468,2020-04-03,9,Goa,6.0,0.0,0.0
469,2020-04-03,10,Gujarat,95.0,10.0,8.0
470,2020-04-03,11,Haryana,49.0,24.0,0.0
471,2020-04-03,12,Himachal Pradesh,6.0,1.0,1.0
472,2020-04-03,13,Jammu and Kashmir,75.0,3.0,2.0
473,2020-04-03,14,Jharkhand,2.0,0.0,0.0
474,2020-04-03,15,Karnataka,124.0,10.0,3.0
475,2020-04-03,16,Kerala,286.0,27.0,2.0
476,2020-04-03,17,Ladakh,14.0,3.0,0.0
477,2020-04-03,18,Madhya Pradesh,104.0,0.0,6.0
478,2020-04-03,19,Maharashtra,335.0,42.0,16.0
479,2020-04-03,20,Manipur,2.0,0.0,0.0
480,2020-04-03,21,Mizoram,1.0,0.0,0.0
481,2020-04-03,22,Odisha,5.0,0.0,0.0
482,2020-04-03,23,Puducherry,5.0,1.0,0.0
483,2020-04-03,24,Punjab,48.0,1.0,5.0
484,2020-04-03,25,Rajasthan,167.0,3.0,0.0
485,2020-04-03,26,Tamil Nadu,309.0,6.0,1.0
486,2020-04-03,27,Telangana,158.0,1.0,7.0
487,2020-04-03,28,Uttarakhand,10.0,2.0,0.0
488,2020-04-03,28,Uttar Pradesh,172.0,14.0,2.0
489,2020-04-03,29,West Bengal,63.0,3.0,3.0
490,2020-04-04,1,Andhra Pradesh,161.0,1.0,1.0
491,2020-04-04,2,Andaman and Nicobar,10.0,0.0,0.0
492,2020-04-04,3,Arunachal Pradesh,1.0,0.0,0.0
493,2020-04-04,4,Assam,24.0,0.0,0.0
494,2020-04-04,5,Bihar,30.0,0.0,1.0
495,2020-04-04,6,Chandigarh,18.0,0.0,0.0
496,2020-04-04,7,Chhattisgarh,9.0,3.0,0.0
497,2020-04-04,8,NCT of Delhi,445.0,15.0,6.0
498,2020-04-04,9,Goa,7.0,0.0,0.0
499,2020-04-04,10,Gujarat,105.0,14.0,10.0
500,2020-04-04,11,Haryana,49.0,24.0,0.0
501,2020-04-04,12,Himachal Pradesh,6.0,1.0,1.0
502,2020-04-04,13,Jammu and Kashmir,75.0,3.0,2.0
503,2020-04-04,14,Jharkhand,2.0,0.0,0.0
504,2020-04-04,15,Karnataka,128.0,12.0,3.0
505,2020-04-04,16,Kerala,295.0,41.0,2.0
506,2020-04-04,17,Ladakh,14.0,3.0,0.0
507,2020-04-04,18,Madhya Pradesh,104.0,0.0,6.0
508,2020-04-04,19,Maharashtra,490.0,42.0,24.0
509,2020-04-04,20,Manipur,2.0,0.0,0.0
510,2020-04-04,21,Mizoram,1.0,0.0,0.0
511,2020-04-04,22,Odisha,5.0,0.0,0.0
512,2020-04-04,23,Puducherry,5.0,1.0,0.0
513,2020-04-04,24,Punjab,57.0,1.0,5.0
514,2020-04-04,25,Rajasthan,200.0,21.0,0.0
515,2020-04-04,26,Tamil Nadu,411.0,6.0,2.0
516,2020-04-04,27,Telangana,159.0,1.0,7.0
517,2020-04-04,28,Uttarakhand,16.0,2.0,0.0
518,2020-04-04,28,Uttar Pradesh,174.0,19.0,2.0
519,2020-04-04,29,West Bengal,69.0,3.0,3.0
520,2020-04-05,1,Andhra Pradesh,190.0,1.0,1.0
521,2020-04-05,2,Andaman and Nicobar,10.0,0.0,0.0
522,2020-04-05,3,Arunachal Pradesh,1.0,0.0,0.0
523,2020-04-05,4,Assam,26.0,0.0,0.0
524,2020-04-05,5,Bihar,30.0,0.0,1.0
525,2020-04-05,6,Chandigarh,18.0,0.0,0.0
526,2020-04-05,7,Chhattisgarh,9.0,3.0,0.0
527,2020-04-05,8,NCT of Delhi,503.0,18.0,7.0
528,2020-04-05,9,Goa,7.0,0.0,0.0
529,2020-04-05,10,Gujarat,122.0,18.0,11.0
530,2020-04-05,11,Haryana,59.0,25.0,1.0
531,2020-04-05,12,Himachal Pradesh,6.0,1.0,1.0
532,2020-04-05,13,Jammu and Kashmir,106.0,4.0,2.0
533,2020-04-05,14,Jharkhand,3.0,0.0,0.0
534,2020-04-05,15,Karnataka,144.0,12.0,4.0
535,2020-04-05,16,Kerala,306.0,49.0,2.0
536,2020-04-05,17,Ladakh,14.0,10.0,0.0
537,2020-04-05,18,Madhya Pradesh,165.0,0.0,9.0
538,2020-04-05,19,Maharashtra,490.0,42.0,24.0
539,2020-04-05,20,Manipur,2.0,0.0,0.0
540,2020-04-05,21,Mizoram,1.0,0.0,0.0
541,2020-04-05,22,Odisha,20.0,0.0,0.0
542,2020-04-05,23,Puducherry,5.0,1.0,0.0
543,2020-04-05,24,Punjab,57.0,1.0,5.0
544,2020-04-05,25,Rajasthan,200.0,21.0,0.0
545,2020-04-05,26,Tamil Nadu,485.0,6.0,3.0
546,2020-04-05,27,Telangana,269.0,32.0,7.0
547,2020-04-05,28,Uttarakhand,22.0,2.0,0.0
548,2020-04-05,28,Uttar Pradesh,227.0,19.0,2.0
549,2020-04-05,29,West Bengal,80.0,10.0,3.0
550,2020-04-06,1,Andhra Pradesh,226.0,1.0,3.0
551,2020-04-06,2,Andaman and Nicobar,10.0,0.0,0.0
552,2020-04-06,3,Arunachal Pradesh,1.0,0.0,0.0
553,2020-04-06,4,Assam,26.0,0.0,0.0
554,2020-04-06,5,Bihar,32.0,0.0,1.0
555,2020-04-06,6,Chandigarh,18.0,0.0,0.0
556,2020-04-06,7,Chhattisgarh,10.0,8.0,0.0
557,2020-04-06,8,NCT of Delhi,523.0,19.0,7.0
558,2020-04-06,9,Goa,7.0,0.0,0.0
559,2020-04-06,10,Gujarat,144.0,22.0,12.0
560,2020-04-06,11,Haryana,84.0,25.0,1.0
561,2020-04-06,12,Himachal Pradesh,13.0,2.0,1.0
562,2020-04-06,13,Jammu and Kashmir,109.0,4.0,2.0
563,2020-04-06,14,Jharkhand,4.0,0.0,0.0
564,2020-04-06,15,Karnataka,151.0,12.0,4.0
565,2020-04-06,16,Kerala,314.0,55.0,2.0
566,2020-04-06,17,Ladakh,14.0,10.0,0.0
567,2020-04-06,18,Madhya Pradesh,165.0,0.0,9.0
568,2020-04-06,19,Maharashtra,748.0,56.0,45.0
569,2020-04-06,20,Manipur,2.0,0.0,0.0
570,2020-04-06,21,Mizoram,1.0,0.0,0.0
571,2020-04-06,22,Odisha,21.0,2.0,0.0
572,2020-04-06,23,Puducherry,5.0,1.0,0.0
573,2020-04-06,24,Punjab,76.0,4.0,6.0
574,2020-04-06,25,Rajasthan,274.0,21.0,0.0
575,2020-04-06,26,Tamil Nadu,571.0,8.0,5.0
576,2020-04-06,27,Telangana,321.0,34.0,7.0
577,2020-04-06,28,Uttarakhand,26.0,4.0,0.0
578,2020-04-06,29,Uttar Pradesh,305.0,21.0,3.0
579,2020-04-06,30,West Bengal,80.0,10.0,3.0
580,2020-04-07,1,Andhra Pradesh,266.0,1.0,3.0
581,2020-04-07,2,Andaman and Nicobar,10.0,0.0,0.0
582,2020-04-07,3,Arunachal Pradesh,1.0,0.0,0.0
583,2020-04-07,4,Assam,26.0,0.0,0.0
584,2020-04-07,5,Bihar,32.0,0.0,1.0
585,2020-04-07,6,Chandigarh,18.0,7.0,0.0
586,2020-04-07,7,Chhattisgarh,10.0,9.0,0.0
587,2020-04-07,8,NCT of Delhi,576.0,21.0,7.0
588,2020-04-07,9,Goa,7.0,0.0,0.0
589,2020-04-07,10,Gujarat,165.0,25.0,13.0
590,2020-04-07,11,Haryana,90.0,25.0,1.0
591,2020-04-07,12,Himachal Pradesh,13.0,2.0,1.0
592,2020-04-07,13,Jammu and Kashmir,116.0,4.0,2.0
593,2020-04-07,14,Jharkhand,4.0,0.0,0.0
594,2020-04-07,15,Karnataka,175.0,25.0,4.0
595,2020-04-07,16,Kerala,327.0,58.0,2.0
596,2020-04-07,17,Ladakh,14.0,10.0,0.0
597,2020-04-07,18,Madhya Pradesh,229.0,0.0,13.0
598,2020-04-07,19,Maharashtra,868.0,56.0,48.0
599,2020-04-07,20,Manipur,2.0,0.0,0.0
600,2020-04-07,21,Mizoram,1.0,0.0,0.0
601,2020-04-07,22,Odisha,42.0,2.0,1.0
602,2020-04-07,23,Puducherry,5.0,1.0,0.0
603,2020-04-07,24,Punjab,91.0,4.0,7.0
604,2020-04-07,25,Rajasthan,288.0,21.0,3.0
605,2020-04-07,26,Tamil Nadu,621.0,8.0,5.0
606,2020-04-07,27,Telangana,364.0,35.0,7.0
607,2020-04-07,28,Tripura,1.0,0.0,0.0
608,2020-04-07,29,Uttarakhand,31.0,5.0,0.0
609,2020-04-07,30,Uttar Pradesh,305.0,21.0,3.0
610,2020-04-07,31,West Bengal,91.0,13.0,3.0
611,2020-04-08,1,Andhra Pradesh,305.0,5.0,4.0
612,2020-04-08,2,Andaman and Nicobar,10.0,0.0,0.0
613,2020-04-08,3,Arunachal Pradesh,1.0,0.0,0.0
614,2020-04-08,4,Assam,27.0,0.0,0.0
615,2020-04-08,5,Bihar,38.0,0.0,1.0
616,2020-04-08,6,Chandigarh,18.0,7.0,0.0
617,2020-04-08,7,Chhattisgarh,10.0,9.0,0.0
618,2020-04-08,8,NCT of Delhi,576.0,21.0,9.0
619,2020-04-08,9,Goa,7.0,0.0,0.0
620,2020-04-08,10,Gujarat,165.0,25.0,13.0
621,2020-04-08,11,Haryana,147.0,28.0,3.0
622,2020-04-08,12,Himachal Pradesh,18.0,2.0,1.0
623,2020-04-08,13,Jammu and Kashmir,116.0,4.0,2.0
624,2020-04-08,14,Jharkhand,4.0,0.0,0.0
625,2020-04-08,15,Karnataka,175.0,25.0,4.0
626,2020-04-08,16,Kerala,336.0,70.0,2.0
627,2020-04-08,17,Ladakh,14.0,10.0,0.0
628,2020-04-08,18,Madhya Pradesh,229.0,0.0,13.0
629,2020-04-08,19,Maharashtra,1018.0,79.0,64.0
630,2020-04-08,20,Manipur,2.0,0.0,0.0
631,2020-04-08,21,Mizoram,1.0,0.0,0.0
632,2020-04-08,22,Odisha,42.0,2.0,1.0
633,2020-04-08,23,Puducherry,5.0,1.0,0.0
634,2020-04-08,24,Punjab,91.0,4.0,7.0
635,2020-04-08,25,Rajasthan,328.0,21.0,3.0
636,2020-04-08,26,Tamil Nadu,690.0,19.0,7.0
637,2020-04-08,27,Telangana,427.0,35.0,7.0
638,2020-04-08,28,Tripura,1.0,0.0,0.0
639,2020-04-08,29,Uttarakhand,31.0,5.0,0.0
640,2020-04-08,30,Uttar Pradesh,343.0,26.0,3.0
641,2020-04-08,31,West Bengal,99.0,13.0,5.0
642,2020-04-09,1,Andhra Pradesh,348.0,6.0,4.0
643,2020-04-09,2,Andaman and Nicobar,11.0,0.0,0.0
644,2020-04-09,3,Arunachal Pradesh,1.0,0.0,0.0
645,2020-04-09,4,Assam,28.0,0.0,0.0
646,2020-04-09,5,Bihar,39.0,0.0,1.0
647,2020-04-09,6,Chandigarh,18.0,7.0,0.0
648,2020-04-09,7,Chhattisgarh,10.0,9.0,0.0
649,2020-04-09,8,NCT of Delhi,669.0,21.0,9.0
650,2020-04-09,9,Goa,7.0,0.0,0.0
651,2020-04-09,10,Gujarat,179.0,25.0,16.0
652,2020-04-09,11,Haryana,169.0,29.0,3.0
653,2020-04-09,12,Himachal Pradesh,18.0,2.0,1.0
654,2020-04-09,13,Jammu and Kashmir,158.0,4.0,4.0
655,2020-04-09,14,Jharkhand,13.0,0.0,0.0
656,2020-04-09,15,Karnataka,181.0,28.0,5.0
657,2020-04-09,16,Kerala,345.0,83.0,2.0
658,2020-04-09,17,Ladakh,14.0,10.0,0.0
659,2020-04-09,18,Madhya Pradesh,259.0,0.0,16.0
660,2020-04-09,19,Maharashtra,1135.0,117.0,72.0
661,2020-04-09,20,Manipur,2.0,1.0,0.0
662,2020-04-09,21,Mizoram,1.0,0.0,0.0
663,2020-04-09,22,Odisha,42.0,2.0,1.0
664,2020-04-09,23,Puducherry,5.0,1.0,0.0
665,2020-04-09,24,Punjab,101.0,4.0,8.0
666,2020-04-09,25,Rajasthan,383.0,21.0,3.0
667,2020-04-09,26,Tamil Nadu,738.0,21.0,8.0
668,2020-04-09,27,Telangana,442.0,35.0,7.0
669,2020-04-09,28,Tripura,1.0,0.0,0.0
670,2020-04-09,29,Uttarakhand,35.0,5.0,0.0
671,2020-04-09,30,Uttar Pradesh,410.0,31.0,4.0
672,2020-04-09,31,West Bengal,103.0,16.0,5.0
673,2020-04-10,1,Andhra Pradesh,363.0,7.0,6.0
674,2020-04-10,2,Andaman and Nicobar,11.0,0.0,0.0
675,2020-04-10,3,Arunachal Pradesh,1.0,0.0,0.0
676,2020-04-10,4,Assam,29.0,0.0,0.0
677,2020-04-10,5,Bihar,60.0,0.0,1.0
678,2020-04-10,6,Chandigarh,18.0,7.0,0.0
679,2020-04-10,7,Chhattisgarh,10.0,9.0,0.0
680,2020-04-10,8,NCT of Delhi,898.0,25.0,13.0
681,2020-04-10,9,Goa,7.0,1.0,0.0
682,2020-04-10,10,Gujarat,241.0,26.0,17.0
683,2020-04-10,11,Haryana,169.0,29.0,3.0
684,2020-04-10,12,Himachal Pradesh,28.0,6.0,1.0
685,2020-04-10,13,Jammu and Kashmir,184.0,6.0,4.0
686,2020-04-10,14,Jharkhand,13.0,0.0,1.0
687,2020-04-10,15,Karnataka,197.0,30.0,6.0
688,2020-04-10,16,Kerala,357.0,96.0,2.0
689,2020-04-10,17,Ladakh,15.0,10.0,0.0
690,2020-04-10,18,Madhya Pradesh,259.0,0.0,16.0
691,2020-04-10,19,Maharashtra,1364.0,125.0,97.0
692,2020-04-10,20,Manipur,2.0,1.0,0.0
693,2020-04-10,21,Mizoram,1.0,0.0,0.0
694,2020-04-10,22,Odisha,44.0,2.0,1.0
695,2020-04-10,23,Puducherry,5.0,1.0,0.0
696,2020-04-10,24,Punjab,132.0,5.0,11.0
697,2020-04-10,25,Rajasthan,463.0,21.0,3.0
698,2020-04-10,26,Tamil Nadu,834.0,21.0,8.0
699,2020-04-10,27,Telangana,473.0,35.0,7.0
700,2020-04-10,28,Tripura,1.0,0.0,0.0
701,2020-04-10,29,Uttarakhand,35.0,5.0,0.0
702,2020-04-10,30,Uttar Pradesh,431.0,32.0,4.0
703,2020-04-10,31,West Bengal,116.0,16.0,5.0
704,2020-04-11,1,Andhra Pradesh,381.0,11.0,6.0
705,2020-04-11,2,Andaman and Nicobar,11.0,0.0,0.0
706,2020-04-11,3,Arunachal Pradesh,1.0,0.0,0.0
707,2020-04-11,4,Assam,29.0,0.0,1.0
708,2020-04-11,5,Bihar,60.0,0.0,1.0
709,2020-04-11,6,Chandigarh,18.0,7.0,0.0
710,2020-04-11,7,Chhattisgarh,18.0,9.0,0.0
711,2020-04-11,8,NCT of Delhi,903.0,25.0,14.0
712,2020-04-11,9,Goa,7.0,1.0,0.0
713,2020-04-11,10,Gujarat,308.0,31.0,19.0
714,2020-04-11,11,Haryana,177.0,29.0,3.0
715,2020-04-11,12,Himachal Pradesh,28.0,6.0,1.0
716,2020-04-11,13,Jammu and Kashmir,207.0,6.0,4.0
717,2020-04-11,14,Jharkhand,17.0,0.0,1.0
718,2020-04-11,15,Karnataka,214.0,37.0,6.0
719,2020-04-11,16,Kerala,364.0,123.0,2.0
720,2020-04-11,17,Ladakh,15.0,10.0,0.0
721,2020-04-11,18,Madhya Pradesh,443.0,0.0,33.0
722,2020-04-11,19,Maharashtra,1574.0,188.0,110.0
723,2020-04-11,20,Manipur,2.0,1.0,0.0
724,2020-04-11,21,Mizoram,1.0,0.0,0.0
725,2020-04-11,22,Odisha,48.0,2.0,1.0
726,2020-04-11,23,Puducherry,7.0,1.0,0.0
727,2020-04-11,24,Punjab,132.0,5.0,11.0
728,2020-04-11,25,Rajasthan,553.0,21.0,3.0
729,2020-04-11,26,Tamil Nadu,911.0,44.0,8.0
730,2020-04-11,27,Telangana,504.0,43.0,9.0
731,2020-04-11,28,Tripura,2.0,0.0,0.0
732,2020-04-11,29,Uttarakhand,35.0,5.0,0.0
733,2020-04-11,30,Uttar Pradesh,433.0,32.0,4.0
734,2020-04-11,31,West Bengal,126.0,16.0,5.0
735,2020-04-12,1,Andhra Pradesh,381.0,11.0,6.0
736,2020-04-12,2,Andaman and Nicobar,11.0,10.0,0.0
737,2020-04-12,3,Arunachal Pradesh,1.0,0.0,0.0
738,2020-04-12,4,Assam,29.0,0.0,1.0
739,2020-04-12,5,Bihar,64.0,19.0,1.0
740,2020-04-12,6,Chandigarh,19.0,7.0,0.0
741,2020-04-12,7,Chhattisgarh,25.0,10.0,0.0
742,2020-04-12,8,NCT of Delhi,1069.0,25.0,19.0
743,2020-04-12,9,Goa,7.0,5.0,0.0
744,2020-04-12,10,Gujarat,432.0,44.0,22.0
745,2020-04-12,11,Haryana,185.0,29.0,3.0
746,2020-04-12,12,Himachal Pradesh,32.0,6.0,1.0
747,2020-04-12,13,Jammu and Kashmir,224.0,6.0,4.0
748,2020-04-12,14,Jharkhand,17.0,0.0,1.0
749,2020-04-12,15,Karnataka,226.0,37.0,6.0
750,2020-04-12,16,Kerala,374.0,142.0,2.0
751,2020-04-12,17,Ladakh,15.0,10.0,0.0
752,2020-04-12,18,Madhya Pradesh,564.0,0.0,36.0
753,2020-04-12,19,Maharashtra,1761.0,208.0,127.0
754,2020-04-12,20,Manipur,2.0,1.0,0.0
755,2020-04-12,21,Mizoram,1.0,0.0,0.0
756,2020-04-12,22,Odisha,54.0,12.0,1.0
757,2020-04-12,23,Puducherry,7.0,1.0,0.0
758,2020-04-12,24,Punjab,151.0,5.0,11.0
759,2020-04-12,25,Rajasthan,700.0,21.0,3.0
760,2020-04-12,26,Tamil Nadu,969.0,44.0,10.0
761,2020-04-12,27,Telangana,504.0,43.0,9.0
762,2020-04-12,28,Tripura,2.0,0.0,0.0
763,2020-04-12,29,Uttarakhand,35.0,5.0,0.0
764,2020-04-12,30,Uttar Pradesh,452.0,45.0,5.0
765,2020-04-12,31,West Bengal,134.0,19.0,5.0
766,2020-04-13,1,Andhra Pradesh,432.0,11.0,7.0
767,2020-04-13,2,Andaman and Nicobar,11.0,10.0,0.0
768,2020-04-13,3,Arunachal Pradesh,1.0,0.0,0.0
769,2020-04-13,4,Assam,31.0,0.0,1.0
770,2020-04-13,5,Bihar,64.0,26.0,1.0
771,2020-04-13,6,Chandigarh,21.0,7.0,0.0
772,2020-04-13,7,Chhattisgarh,31.0,10.0,0.0
773,2020-04-13,8,NCT of Delhi,1154.0,27.0,24.0
774,2020-04-13,9,Goa,7.0,5.0,0.0
775,2020-04-13,10,Gujarat,539.0,47.0,26.0
776,2020-04-13,11,Haryana,185.0,29.0,3.0
777,2020-04-13,12,Himachal Pradesh,32.0,13.0,1.0
778,2020-04-13,13,Jammu and Kashmir,245.0,6.0,4.0
779,2020-04-13,14,Jharkhand,19.0,0.0,2.0
780,2020-04-13,15,Karnataka,247.0,59.0,6.0
781,2020-04-13,16,Kerala,376.0,179.0,3.0
782,2020-04-13,17,Ladakh,15.0,10.0,0.0
783,2020-04-13,18,Madhya Pradesh,604.0,44.0,43.0
784,2020-04-13,19,Maharashtra,1985.0,217.0,149.0
785,2020-04-13,20,Manipur,2.0,1.0,0.0
786,2020-04-13,21,Mizoram,1.0,0.0,0.0
787,2020-04-13,22,Nagaland,1.0,0.0,0.0
788,2020-04-13,23,Odisha,54.0,12.0,1.0
789,2020-04-13,24,Puducherry,7.0,1.0,0.0
790,2020-04-13,25,Punjab,167.0,14.0,11.0
791,2020-04-13,26,Rajasthan,812.0,21.0,3.0
792,2020-04-13,27,Tamil Nadu,1075.0,50.0,11.0
793,2020-04-13,28,Telangana,562.0,100.0,16.0
794,2020-04-13,29,Tripura,2.0,0.0,0.0
795,2020-04-13,30,Uttarakhand,35.0,5.0,0.0
796,2020-04-13,31,Uttar Pradesh,483.0,47.0,5.0
797,2020-04-13,32,West Bengal,152.0,29.0,7.0
798,2020-04-14,1,Andhra Pradesh,473.0,14.0,9.0
799,2020-04-14,2,Andaman and Nicobar,11.0,10.0,0.0
800,2020-04-14,3,Arunachal Pradesh,1.0,0.0,0.0
801,2020-04-14,4,Assam,31.0,0.0,1.0
802,2020-04-14,5,Bihar,66.0,26.0,1.0
803,2020-04-14,6,Chandigarh,21.0,7.0,0.0
804,2020-04-14,7,Chhattisgarh,31.0,10.0,0.0
805,2020-04-14,8,NCT of Delhi,1510.0,30.0,28.0
806,2020-04-14,9,Goa,7.0,5.0,0.0
807,2020-04-14,10,Gujarat,617.0,55.0,26.0
808,2020-04-14,11,Haryana,199.0,34.0,3.0
809,2020-04-14,12,Himachal Pradesh,32.0,13.0,1.0
810,2020-04-14,13,Jammu and Kashmir,270.0,16.0,4.0
811,2020-04-14,14,Jharkhand,24.0,0.0,2.0
812,2020-04-14,15,Karnataka,258.0,65.0,9.0
813,2020-04-14,16,Kerala,379.0,198.0,3.0
814,2020-04-14,17,Ladakh,15.0,10.0,0.0
815,2020-04-14,18,Madhya Pradesh,730.0,51.0,50.0
816,2020-04-14,19,Maharashtra,2337.0,229.0,160.0
817,2020-04-14,20,Manipur,2.0,1.0,0.0
818,2020-04-14,21,Meghalaya,1.0,0.0,0.0
819,2020-04-14,22,Mizoram,1.0,0.0,0.0
820,2020-04-14,23,Nagaland,1.0,0.0,0.0
821,2020-04-14,24,Odisha,55.0,18.0,1.0
822,2020-04-14,25,Puducherry,7.0,1.0,0.0
823,2020-04-14,26,Punjab,176.0,14.0,12.0
824,2020-04-14,27,Rajasthan,879.0,133.0,3.0
825,2020-04-14,28,Tamil Nadu,1173.0,58.0,11.0
826,2020-04-14,29,Telangana,624.0,100.0,17.0
827,2020-04-14,30,Tripura,2.0,0.0,0.0
828,2020-04-14,31,Uttarakhand,35.0,7.0,0.0
829,2020-04-14,32,Uttar Pradesh,657.0,49.0,5.0
830,2020-04-14,32,West Bengal,190.0,36.0,7.0
831,2020-04-15,1,Andaman and Nicobar,11.0,10.0,0.0
832,2020-04-15,2,Andhra Pradesh,503.0,16.0,9.0
833,2020-04-15,3,Arunachal Pradesh,1.0,0.0,0.0
834,2020-04-15,4,Assam,33.0,0.0,1.0
835,2020-04-15,5,Bihar,70.0,29.0,1.0
836,2020-04-15,6,Chandigarh,21.0,7.0,0.0
837,2020-04-15,7,Chhattisgarh,33.0,13.0,0.0
838,2020-04-15,8,NCT of Delhi,1561.0,30.0,30.0
839,2020-04-15,9,Goa,7.0,5.0,0.0
840,2020-04-15,10,Gujarat,695.0,59.0,30.0
841,2020-04-15,11,Haryana,199.0,34.0,3.0
842,2020-04-15,12,Himachal Pradesh,33.0,13.0,1.0
843,2020-04-15,13,Jammu and Kashmir,278.0,30.0,4.0
844,2020-04-15,14,Jharkhand,27.0,0.0,2.0
845,2020-04-15,15,Karnataka,277.0,75.0,11.0
846,2020-04-15,16,Kerala,387.0,211.0,3.0
847,2020-04-15,17,Ladakh,17.0,10.0,0.0
848,2020-04-15,18,Madhya Pradesh,987.0,64.0,53.0
849,2020-04-15,19,Maharashtra,2687.0,259.0,178.0
850,2020-04-15,20,Manipur,2.0,1.0,0.0
851,2020-04-15,21,Meghalaya,7.0,0.0,1.0
852,2020-04-15,22,Mizoram,1.0,0.0,0.0
853,2020-04-15,23,Nagaland,0.0,0.0,0.0
854,2020-04-15,24,Odisha,60.0,18.0,1.0
855,2020-04-15,25,Puducherry,7.0,1.0,0.0
856,2020-04-15,26,Punjab,186.0,14.0,13.0
857,2020-04-15,27,Rajasthan,1005.0,147.0,3.0
858,2020-04-15,28,Tamil Nadu,1204.0,81.0,12.0
859,2020-04-15,29,Telangana,647.0,120.0,18.0
860,2020-04-15,30,Tripura,2.0,0.0,0.0
861,2020-04-15,31,Uttarakhand,37.0,9.0,0.0
862,2020-04-15,32,Uttar Pradesh,735.0,51.0,11.0
863,2020-04-15,32,West Bengal,213.0,37.0,7.0
864,2020-04-16,1,Andaman and Nicobar,11.0,10.0,0.0
865,2020-04-16,2,Andhra Pradesh,534.0,20.0,14.0
866,2020-04-16,3,Arunachal Pradesh,1.0,0.0,0.0
867,2020-04-16,4,Assam,33.0,5.0,1.0
868,2020-04-16,5,Bihar,74.0,29.0,1.0
869,2020-04-16,6,Chandigarh,21.0,7.0,0.0
870,2020-04-16,7,Chhattisgarh,33.0,17.0,0.0
871,2020-04-16,8,NCT of Delhi,1578.0,42.0,32.0
872,2020-04-16,9,Goa,7.0,5.0,0.0
873,2020-04-16,10,Gujarat,871.0,64.0,36.0
874,2020-04-16,11,Haryana,205.0,43.0,3.0
875,2020-04-16,12,Himachal Pradesh,35.0,16.0,1.0
876,2020-04-16,13,Jammu and Kashmir,300.0,36.0,4.0
877,2020-04-16,14,Jharkhand,28.0,0.0,2.0
878,2020-04-16,15,Karnataka,315.0,82.0,13.0
879,2020-04-16,16,Kerala,388.0,218.0,3.0
880,2020-04-16,17,Ladakh,17.0,10.0,0.0
881,2020-04-16,18,Madhya Pradesh,1120.0,64.0,53.0
882,2020-04-16,19,Maharashtra,2919.0,295.0,187.0
883,2020-04-16,20,Manipur,2.0,1.0,0.0
884,2020-04-16,21,Meghalaya,7.0,0.0,1.0
885,2020-04-16,22,Mizoram,1.0,0.0,0.0
886,2020-04-16,23,Nagaland,0.0,0.0,0.0
887,2020-04-16,24,Odisha,60.0,18.0,1.0
888,2020-04-16,25,Puducherry,7.0,1.0,0.0
889,2020-04-16,26,Punjab,186.0,27.0,13.0
890,2020-04-16,27,Rajasthan,1023.0,147.0,3.0
891,2020-04-16,28,Tamil Nadu,1242.0,118.0,14.0
892,2020-04-16,29,Telangana,698.0,120.0,18.0
893,2020-04-16,30,Tripura,2.0,1.0,0.0
894,2020-04-16,31,Uttarakhand,37.0,9.0,0.0
895,2020-04-16,32,Uttar Pradesh,773.0,68.0,13.0
896,2020-04-16,32,West Bengal,231.0,42.0,7.0
897,2020-04-17,1,Andaman and Nicobar,11.0,10.0,0.0
898,2020-04-17,2,Andhra Pradesh,572.0,36.0,14.0
899,2020-04-17,3,Arunachal Pradesh,1.0,0.0,0.0
900,2020-04-17,4,Assam,35.0,5.0,1.0
901,2020-04-17,5,Bihar,83.0,37.0,1.0
902,2020-04-17,6,Chandigarh,21.0,9.0,0.0
903,2020-04-17,7,Chhattisgarh,36.0,23.0,0.0
904,2020-04-17,8,NCT of Delhi,1640.0,51.0,38.0
905,2020-04-17,9,Goa,7.0,6.0,0.0
906,2020-04-17,10,Gujarat,1021.0,74.0,38.0
907,2020-04-17,11,Haryana,205.0,43.0,3.0
908,2020-04-17,12,Himachal Pradesh,35.0,16.0,1.0
909,2020-04-17,13,Jammu and Kashmir,314.0,38.0,4.0
910,2020-04-17,14,Jharkhand,29.0,0.0,2.0
911,2020-04-17,15,Karnataka,353.0,82.0,13.0
912,2020-04-17,16,Kerala,395.0,245.0,3.0
913,2020-04-17,17,Ladakh,18.0,14.0,0.0
914,2020-04-17,18,Madhya Pradesh,1308.0,65.0,57.0
915,2020-04-17,19,Maharashtra,3205.0,300.0,194.0
916,2020-04-17,20,Manipur,2.0,1.0,0.0
917,2020-04-17,21,Meghalaya,9.0,0.0,1.0
918,2020-04-17,22,Mizoram,1.0,0.0,0.0
919,2020-04-17,23,Nagaland,0.0,0.0,0.0
920,2020-04-17,24,Odisha,60.0,19.0,1.0
921,2020-04-17,25,Puducherry,7.0,1.0,0.0
922,2020-04-17,26,Punjab,186.0,27.0,13.0
923,2020-04-17,27,Rajasthan,1131.0,164.0,11.0
924,2020-04-17,28,Tamil Nadu,1267.0,180.0,15.0
925,2020-04-17,29,Telangana,743.0,186.0,18.0
926,2020-04-17,30,Tripura,2.0,1.0,0.0
927,2020-04-17,31,Uttarakhand,37.0,9.0,0.0
928,2020-04-17,32,Uttar Pradesh,846.0,74.0,14.0
929,2020-04-17,32,West Bengal,255.0,51.0,10.0
